UserName,Followers,Following,Profile Link,Bio,Is Verified,Is Private,Is Business Account
Meta,4572679,31,https://www.instagram.comhttps://about.meta.com/,Connect with what you love to make things happen. Itâ€™s Your World.,True,False,True
dilroowijesuriya,1790,1024,https://www.instagram.com/dilroowijesuriya/,"ğŸ’ğŸ’…ğŸ¼ğŸ§ğŸ‘©ğŸ»â€ğŸ’»ğŸµğŸ“ğŸ¸ğŸ¥­ğŸ’†ğŸ»â€â™€ï¸
australia | sri lanka 
dilroowijesuriya@gmail.com
tiktok : dilroowijesuriya
co founder- @outlawz.official",False,False,False
ellegoddes88,826,483,https://www.instagram.com/ellegoddes88/,Registered Nurse (Psych)ğŸ‘©ğŸ»â€âš•ï¸ğŸ©º  Brisbane ğŸ‡¦ğŸ‡º TravelholicğŸ›©,False,False,False
joeryan2pn,55940,1784,https://www.instagram.com/joeryan2pn/,"@venum athlete ğŸ 
WBC World Champion 
ISKA World Champion
2X Rajadamnern champion 
2X WMO World champion 
2X WBC European Champion",True,False,False
kehlanichoreography,37001,284,https://www.instagram.com/kehlanichoreography/,"#1 dance source for singer/songwriter @kehlaniğŸ«€
All choreography updates & more! Not kehlani. 
â€œCrashâ€ album + â€œWww2â€ mixtape out now!",False,False,False
jess.pmonteiro,5744,1153,https://www.instagram.com/jess.pmonteiro/,"Visit Ilha Grande âœ¨
ğŸ¡ Book at @psolardapraia 
ğŸ´ Taste the best bbq and fresh seafood at @steaknbeach",False,False,True
australia,5842180,394,https://www.instagram.com/australia/,Tourism Australia's official account. Tag @Australia or #SeeAustralia to give us permission to repost ğŸ¨ğŸ‡¦ğŸ‡º,True,False,True
officialaha,342164,132,https://www.instagram.com/officialaha/,The official Instagram account for the Norwegian band a-ha. New album and film 'True North' out now!,True,False,True
taylorswift,281218963,0,https://www.instagram.com/taylorswift/,Allâ€™s fair in love and poetry... New album THE TORTURED POETS DEPARTMENT. Out now ğŸ¤,True,False,False
sparkling.doll1,406,255,https://www.instagram.com/sparkling.doll1/,"Be your own kind of badass ğŸ™‚ğŸ™ƒ
#Dreamer ğŸŒ·
#Believer ğŸª½
#augustdoll ğŸ°
ğŸ‡³ğŸ‡µğŸ‡¦ğŸ‡º  ğŸ“ ğŸ¦  ğŸ’ğŸ‘°â€â™€ï¸ ğŸ‡¸ğŸ‡¬",False,False,False
kel_8,28887,1528,https://www.instagram.com/kel_8/,"National Baller ğŸ€
ğŸ“ğŸ‡¦ğŸ‡ºPerth WA
ğŸŒğŸ‡²ğŸ‡ºğŸ‡¸ğŸ‡¨ğŸ‡¿ğŸ‡¦ğŸ‡·ğŸ‡ªğŸ‡¹ğŸ‡­ğŸ‡·ğŸ‡¸ğŸ‡¦ğŸ‡ºğŸ‡²ğŸ‡¬â€¦ ğŸ›«",True,False,False
where_to_gonext,6771,6694,https://www.instagram.com/where_to_gonext/,"Here you can find best places, amazing pics and maiby your next destination.If you are interesting for people to gide you on your trip look in my bio",False,False,True
goodgegraham,661,31,https://www.instagram.com/goodgegraham/,,False,False,False
teanabroad,6417,1032,https://www.instagram.com/teanabroad/,"ğŸŒ College study abroad & internships
âœˆï¸ Asia Pacific & Southeast Asia
ğŸ‘‰ Affordable programs & scholarship options",False,False,True
perthvibes,166084,98,https://www.instagram.com/perthvibes/,"ğŸ‡¦ğŸ‡º Uncovering WA & Perth's best kept secrets!
ğŸ“· Tag #perthvibes | ğŸ” @perthvibestodo",False,False,True
officialaha,342164,132,https://www.instagram.com/officialaha/,The official Instagram account for the Norwegian band a-ha. New album and film 'True North' out now!,True,False,True
qantas,1134358,1330,https://www.instagram.com/qantas/,"Official Instagram of Qantas Airways ğŸ‡¦ğŸ‡ºâœˆï¸ğŸ¦˜
Member of the oneworld Alliance.
Use #Qantas to be featured ğŸ“¸",True,False,True
powerofpositivity,9638180,1521,https://www.instagram.com/powerofpositivity/,"POSITIVITYâš¡ï¸ Boost Your Mood. Train Your Brain.ğŸ§  Change Your Life. Founder: @positivekristen 
ğŸ‘‡ğŸ»Take our FREE 7 Day Self Care Challenge:",True,False,True
caherlistrane_gaa,1764,769,https://www.instagram.com/caherlistrane_gaa/,NEW YORK RAFFLE >>>,False,False,True
aifsabroad,14364,989,https://www.instagram.com/aifsabroad/,"ğŸŒ Award-winning study abroad & international internship programs
â¬‡ï¸ Request info, search programs, & more!",False,False,True
australia,5842179,394,https://www.instagram.com/australia/,Tourism Australia's official account. Tag @Australia or #SeeAustralia to give us permission to repost ğŸ¨ğŸ‡¦ğŸ‡º,True,False,True
redyindra,5133,1978,https://www.instagram.com/redyindra/,"ğŸ“BDO
Traveler âœˆï¸ Hotel Blogger ğŸ¨ Food EnthusiastğŸ½ï¸
Part of @swj.ambassador @explore.powerclub 
#readyvacation #readyngotel
Business Inq DMâœ‰ï¸",False,False,False
visitperth,215270,522,https://www.instagram.com/visitperth/,"Explore Perth's unique attractions, architecture, retail and dining offers, outdoor spaces and so much more! Managed by the @cityofperth. #VisitPerth",True,False,True
thefloreatmarket,3856,4994,https://www.instagram.com/thefloreatmarket/,"Premium fresh produce, continental delicatessen, local & international cheeses, fresh fruit salads, gourmet condiments, artisan bread & fresh flowers.",False,False,True
australia,5842179,394,https://www.instagram.com/australia/,Tourism Australia's official account. Tag @Australia or #SeeAustralia to give us permission to repost ğŸ¨ğŸ‡¦ğŸ‡º,True,False,True
befitwithnoelle,936,217,https://www.instagram.com/befitwithnoelle/,"ğŸ’ªKitchener Personal Trainer(Exp 20 years +)
Love Of Travel âœˆï¸ Fashion And Fitness
Personal Training  â¤µï¸",False,False,False
phoelikz,1150,733,https://www.instagram.com/phoelikz/,FEELâ€™S TRAVELOGUE,False,False,False
backpackercars_australia,82763,453,https://www.instagram.com/backpackercars_australia/,"ğŸ‡¦ğŸ‡º We sell 4x4s / Vans to travel Aus
ğŸš™ Equipment, Warranty and RWC
ğŸ›ï¸ Camper Fit-outs @luffare.aus
ğŸš Rentals @bca.rentals
ğŸ“¥ DM usğŸ“MEL / SYD / PER",False,False,False
celebrityfeet.cfg,6760,757,https://www.instagram.com/celebrityfeet.cfg/,"Discover a tasteful showcase of stunning female celebrities, celebrating elegance, charm, and timeless beauty in a refined and sophisticated way.",False,False,False
jummyparis,1347,459,https://www.instagram.com/jummyparis/,"I am a ğŸ¶ Music lover 
ğŸŒ¿ a Dog&Plants mother ğŸ§˜a Discipline Yogi 
âœˆï¸ a World Traveler ğŸ› a Food Enthusiastic and ğŸ“¸ Almost a Photographer ğŸ¤©
Mrs.Paris",False,False,False
parawhoresl0vers,945,94,https://www.instagram.com/parawhoresl0vers/,"â˜… Your Hayley and paramore account!
â˜… @yelyahwilliams
â˜… @paramore 
â˜…Posts almost every day!",False,False,False
cruzysuzy,189346,1636,https://www.instagram.com/cruzysuzy/,"Quokka Lover â¤ï¸
Quokka Queen ğŸ‘‘
Quokka Whisperer ğŸ»
Providing Quality Quokka Qontent!
Fashion stylist who loves nature.",False,False,False
ciksharifah_,14857,5313,https://www.instagram.com/ciksharifah_/,"ğŸ‘©â€ğŸ’»Independent Business Owner
âœˆï¸BE World Traveller Melbourne Aussie Nov Free vvip with BE International 
ğŸ’ªğŸ»Jom sama2 kita berjaya di BE
ğŸ“± whtsp ShağŸ˜",False,False,True
westernaustralia,662589,1632,https://www.instagram.com/westernaustralia/,Share your awe-inspiring adventures travelling our region by using #WAtheDreamState & tagging @WesternAustralia!,True,False,True
nf_juz,3334,1351,https://www.instagram.com/nf_juz/,ğŸ“  KL ğŸ‡²ğŸ‡¾.                                                                #begrateful ğŸ¤ Cherish Every Moment ğŸ¤    ğŸ‰ğŸ•Šï¸,False,False,False
fournine,91984,178,https://www.instagram.com/fournine/,"Real conversations for a bold generation ğŸ‘„
Check out the Tea at Four podcast:",True,False,True
